path,id,receipt
index.html,RXDUOIbs6Gp_cVSSgyF_DMUCcY9VaqKVf7_rqGCL4HM,"{""id"":""RXDUOIbs6Gp_cVSSgyF_DMUCcY9VaqKVf7_rqGCL4HM"",""block"":1418133,""deadlineHeight"":1418133,""public"":""sq9JbppKLlAKtQwalfX5DagnGMlTirditXk7y4jgoeA7DEM0Z6cVPE5xMQ9kz_T9VppP6BFHtHyZCZODercEVWipzkr36tfQkR5EDGUQyLivdxUzbWgVkzw7D27PJEa4cd1Uy6r18rYLqERgbRvAZph5YJZmpSJk7r3MwnQquuktjvSpfCLFwSxP1w879-ss_JalM9ICzRi38henONio8gll6GV9-omrWwRMZer_15bspCK5txCwpY137nfKwKD5YBAuzxxcj424M7zlSHlsafBwaRwFbf8gHtW03iJER4lR4GxeY0WvnYaB3KDISHQp53a9nlbmiWO5WcHHYsR83OT2eJ0Pl3RWA-_imk_SNwGQTCjmA6tf_UVwL8HzYS2iyuu85b7iYK9ZQoh8nqbNC6qibICE4h9Fe3bN7AgitIe9XzCTOXDfMr4ahjC8kkqJ1z4zNAI6-Leei_Mgd8JtZh2vqFNZhXK0lSadFl_9Oh3AET7tUds2E7s-6zpRPd9oBZu6-kNuHDRJ6TQhZSwJ9ZO5HYsccb_G_1so72aXJymR9ggJgWr4J3bawAYYnqmvmzGklYOlE_5HVnMxf-UxpT7ztdsHbc9QEH6W2bzwxbpjTczEZs3JCCB3c-NewNHsj9PYM3b5tTlTNP9kNAwPZHWpt11t79LuNkNGt9LfOek"",""signature"":""AmpqEBIEw1M5G8ockotkHcw26ODjLXQh5DIECtX8AI5G1cfaXj2g8WwOTLRgEstu-1u6mzD_JENiYJh24pypWVWXtUzjxR_dcXHzxSB9YUw3QusR0y23rU_XJtP5-OQzZm2FESt_hSPcQS8JYbWJq0X3NSvfXj3xYAa37Wo4Iio7v04Av1SwmlnvtIyGBRlG3sIHHLxlUNE5JH3WiB5Sxise5zrk_cKXONhBey4_C1uFYII1uS9skQ3SwPNKdpI9gebrN60Gkz3HrtBwnTAv6HsSot4k9Z8-Uz48RnmNQIsowLqx0xdJd1Rtvq56JmNjaStZGvW_vzJXNzvdRXoO3AZQxA-kPUsPBeNHVxO5ksX2kmmp7Y7pSweqWHRpij3Oo-gVoXxzaxRgPV2JKjIjTC_YGg8y4T-w3yVzm6wh8az12ZHo2lWbDY3SqOl5lmiYI7yB5Ty16ewozNF885mGsh8VtsfvZLL3pcmMJpCyenTiVn6Omk71-8jkeQhxpYeChwajMzeNdYwsSrdndIZjKvLg1OKOcYa1bY78LpmUhO5aSNtcTfZ4p97f7jSMHL19ffQgChie0MPhf0xMtptkyKkZ9u0j8Ayx2jCa70vfoWtuUtiZ_3V3LEJzfR9q2QSo-K7SdgHNRIaUxwdxjzbX0knnepDewazmeotsNEEkqm4"",""timestamp"":1714399920871,""validatorSignatures"":[],""version"":""1.0.0""}"
asset-manifest.json,55RdOmh5a_XTeYCxO3sJ8xq8yOFQeGZQLrZYqLNwZGQ,"{""id"":""55RdOmh5a_XTeYCxO3sJ8xq8yOFQeGZQLrZYqLNwZGQ"",""block"":1418133,""deadlineHeight"":1418133,""public"":""sq9JbppKLlAKtQwalfX5DagnGMlTirditXk7y4jgoeA7DEM0Z6cVPE5xMQ9kz_T9VppP6BFHtHyZCZODercEVWipzkr36tfQkR5EDGUQyLivdxUzbWgVkzw7D27PJEa4cd1Uy6r18rYLqERgbRvAZph5YJZmpSJk7r3MwnQquuktjvSpfCLFwSxP1w879-ss_JalM9ICzRi38henONio8gll6GV9-omrWwRMZer_15bspCK5txCwpY137nfKwKD5YBAuzxxcj424M7zlSHlsafBwaRwFbf8gHtW03iJER4lR4GxeY0WvnYaB3KDISHQp53a9nlbmiWO5WcHHYsR83OT2eJ0Pl3RWA-_imk_SNwGQTCjmA6tf_UVwL8HzYS2iyuu85b7iYK9ZQoh8nqbNC6qibICE4h9Fe3bN7AgitIe9XzCTOXDfMr4ahjC8kkqJ1z4zNAI6-Leei_Mgd8JtZh2vqFNZhXK0lSadFl_9Oh3AET7tUds2E7s-6zpRPd9oBZu6-kNuHDRJ6TQhZSwJ9ZO5HYsccb_G_1so72aXJymR9ggJgWr4J3bawAYYnqmvmzGklYOlE_5HVnMxf-UxpT7ztdsHbc9QEH6W2bzwxbpjTczEZs3JCCB3c-NewNHsj9PYM3b5tTlTNP9kNAwPZHWpt11t79LuNkNGt9LfOek"",""signature"":""rfJ3L3ByyQL7aeU1L_Bd6srKg1PNctWGgIP3TpcsWPdrrT7zDAvKKRBR3LNBcCE8WWlCgzVVnICA0rkOsEKeEBYub7TuWy3hhejz9v5Mi4Ybz30a8qKIp_o51q3fcgMBHJ7lg56CdqCzj7H9xJel7oasDqDEWvPoFml3I3CQwRkpa9ttYbIx0k1a63sSCuptlfQd66q3uxsujv43KXAT2o1Jv2wH8fX2YwjAXKcNYQL1kNYAyU4KQyXrgpj_JNoL4nSzhETEKhsz-1KOfQa0be2OEhmTpX8v0VmfMy9oUfFp_6UFt2yPh4WmFKJP6EFufoFwo1wHJtOIkYbTXADfHZiaVY_NOIl-ZkEhxlCriD2Ivci-yuY1A-dbZM1n797gXof25iYgn2KUzL_uC6pGOW3HG8-BoIhi9bmsdskVyISkM1envQn0GbJbbphQtmln_w3dOEUEYSbe8A69ANG4SbOaiWqdkNyqFGRiSPIfre5JIDKZWDJpySpxCIBXH3NqhbP5w5rGHPr5NIgUziok_roiuoFul3XO-A_-fUzZv3SnDwhBSlAMjR-bQjEBdkOqtGZUWrdMniYkgn51XdPlhNZ2LxtKXHC-MuFYvWM_uQqzmuTg6Mtr5-7Xxh7ixBs2Ik2uEoVSfLiMtfScTa8UoFGGBIT-Aj0BIoCs9k54-gU"",""timestamp"":1714399920879,""validatorSignatures"":[],""version"":""1.0.0""}"
ar.svg,aoh4qOSGYiIJYgYBmaPvED_Tq611Y_DedfuLXSc2fYM,"{""id"":""aoh4qOSGYiIJYgYBmaPvED_Tq611Y_DedfuLXSc2fYM"",""block"":1418133,""deadlineHeight"":1418133,""public"":""sq9JbppKLlAKtQwalfX5DagnGMlTirditXk7y4jgoeA7DEM0Z6cVPE5xMQ9kz_T9VppP6BFHtHyZCZODercEVWipzkr36tfQkR5EDGUQyLivdxUzbWgVkzw7D27PJEa4cd1Uy6r18rYLqERgbRvAZph5YJZmpSJk7r3MwnQquuktjvSpfCLFwSxP1w879-ss_JalM9ICzRi38henONio8gll6GV9-omrWwRMZer_15bspCK5txCwpY137nfKwKD5YBAuzxxcj424M7zlSHlsafBwaRwFbf8gHtW03iJER4lR4GxeY0WvnYaB3KDISHQp53a9nlbmiWO5WcHHYsR83OT2eJ0Pl3RWA-_imk_SNwGQTCjmA6tf_UVwL8HzYS2iyuu85b7iYK9ZQoh8nqbNC6qibICE4h9Fe3bN7AgitIe9XzCTOXDfMr4ahjC8kkqJ1z4zNAI6-Leei_Mgd8JtZh2vqFNZhXK0lSadFl_9Oh3AET7tUds2E7s-6zpRPd9oBZu6-kNuHDRJ6TQhZSwJ9ZO5HYsccb_G_1so72aXJymR9ggJgWr4J3bawAYYnqmvmzGklYOlE_5HVnMxf-UxpT7ztdsHbc9QEH6W2bzwxbpjTczEZs3JCCB3c-NewNHsj9PYM3b5tTlTNP9kNAwPZHWpt11t79LuNkNGt9LfOek"",""signature"":""hVaSyYnYQAlomQfp7BxH9DdtAza8mMdqzGG56pWCfoh7Zy-oai-JTbeyYpOUbwIMi6bOYWx5jhsmc3LLt2QSdTT5m4aY37lmWsFT3fPgGb54cI-OqYGG-iWDmLeMaeY5O5JXumsfZPvJfD2rRa7GNBSaSxCJyIVSCFOsxIiNwSbWCz1vvsfUPJnPZw1OodxaELoIIS6FAX1ViBj850RxnnvmSfdiDJMeL89Zg3nZgXaHiLJTtKwyYgJ8iXt0Wo91kWPfKbf8RCXJxWyoNjFvspl6FH2cnClMqowDBH4KAuga5I7LQ1Exe5L3_NgCJ13o0hEMwSNxmm1aK3T5u-Y9bcHiLb-zX_bIZBdeGqxd7TPgymTXexsNgQgD_qlrgicm_UXxq06NkfFtgnrDSog6bkbZwv0l3VVThlgYpWogxEMNeb5E-2SzCdl3PF91rpfSoWZTytSMS-uwu0x_fmKcQgj7jn3DiGLEZMqm9pzlc5aS0kCIo8AGOjPvEp2GCIr7Yd6B0oKe72Yh7IPC-X8s7gBHykdMANqRaSMSqeFCSRAZ9noel9oRUSmBLfwADpMGDIYrPISrfs4a09xVArj79mlv6hOBv8eBBdscRVmEnSYiHksWQLjIRkIpWaUFwOj-yqX9f00UxEYgyI-bPQUbfiOHaYxT_rn4qEavdFXO_Nw"",""timestamp"":1714399920935,""validatorSignatures"":[],""version"":""1.0.0""}"
dream.jpg,qNp8ytRzRswDUsGmY2VvTsa84LhRufHeEb6CvfOV6O8,"{""id"":""qNp8ytRzRswDUsGmY2VvTsa84LhRufHeEb6CvfOV6O8"",""block"":1418133,""deadlineHeight"":1418133,""public"":""sq9JbppKLlAKtQwalfX5DagnGMlTirditXk7y4jgoeA7DEM0Z6cVPE5xMQ9kz_T9VppP6BFHtHyZCZODercEVWipzkr36tfQkR5EDGUQyLivdxUzbWgVkzw7D27PJEa4cd1Uy6r18rYLqERgbRvAZph5YJZmpSJk7r3MwnQquuktjvSpfCLFwSxP1w879-ss_JalM9ICzRi38henONio8gll6GV9-omrWwRMZer_15bspCK5txCwpY137nfKwKD5YBAuzxxcj424M7zlSHlsafBwaRwFbf8gHtW03iJER4lR4GxeY0WvnYaB3KDISHQp53a9nlbmiWO5WcHHYsR83OT2eJ0Pl3RWA-_imk_SNwGQTCjmA6tf_UVwL8HzYS2iyuu85b7iYK9ZQoh8nqbNC6qibICE4h9Fe3bN7AgitIe9XzCTOXDfMr4ahjC8kkqJ1z4zNAI6-Leei_Mgd8JtZh2vqFNZhXK0lSadFl_9Oh3AET7tUds2E7s-6zpRPd9oBZu6-kNuHDRJ6TQhZSwJ9ZO5HYsccb_G_1so72aXJymR9ggJgWr4J3bawAYYnqmvmzGklYOlE_5HVnMxf-UxpT7ztdsHbc9QEH6W2bzwxbpjTczEZs3JCCB3c-NewNHsj9PYM3b5tTlTNP9kNAwPZHWpt11t79LuNkNGt9LfOek"",""signature"":""j4N-3aE-g7waHJJPgPqvr15ZO62ugA4JWTEbVQ3l3BC02F06oekl2_ChLmm-aSZH_qe-4hGUDkCEhye7WaDOtw9jQZD4QWgwQvmGUEF-x-X7Ij5vq-JGrLyZ33O0o4WKt0HyEUarZiA2PAQIj7eJd6mxtxPJzkKvG3KH0TqWtSq4W9kPxrpaprtNuXYsjEE54bf2wsbNkM2PHHN6k8mibPQz-ebWo6Dh3aQ1JQQwRyARhKBOoTp1ozAXMAP_DxuwL6-TsHyYlc62mQkJt579xOMpGQvtrGipYTzfmzcPBRgcivQOTWvejQ-siSBJM6kp3N2BSOP9hro6VYc8j-XFU4cXk2PwyczEGJ2skYM0dX-acTIWIGRZYFBFcJqEuVT8Vm49HFImVrQcj5pAr8N7BlNRXog-QEFqS8TgsND8H3PFsjahjG8OJXLha6QkSar8NR7CwudvZ5ut1XWKaYvSAoZIfYK5x2KFije7jw6gthr_QxH7sgVVMc0oAIRS3QrAD5h28oUM9581q7L9vFW03--OoqwOlsaI_Js-VzSaPz0rryoRwHKcX8FaSxP4Wbys0bnKH6zwARal4bcWjaz4-BGaLChFzDcVFVMULQwcK--Egsqi71iDLJNPMymICexwRoYulGHOzbyhDQ5e4GSQtdxOIQtoHwOpAJMUowCIBMA"",""timestamp"":1714399920940,""validatorSignatures"":[],""version"":""1.0.0""}"
.DS_Store,Z_H8ps1cGNnMLwv8egfOa7EbQ1ks220sCVkMwf59Ycs,"{""id"":""Z_H8ps1cGNnMLwv8egfOa7EbQ1ks220sCVkMwf59Ycs"",""block"":1418133,""deadlineHeight"":1418133,""public"":""sq9JbppKLlAKtQwalfX5DagnGMlTirditXk7y4jgoeA7DEM0Z6cVPE5xMQ9kz_T9VppP6BFHtHyZCZODercEVWipzkr36tfQkR5EDGUQyLivdxUzbWgVkzw7D27PJEa4cd1Uy6r18rYLqERgbRvAZph5YJZmpSJk7r3MwnQquuktjvSpfCLFwSxP1w879-ss_JalM9ICzRi38henONio8gll6GV9-omrWwRMZer_15bspCK5txCwpY137nfKwKD5YBAuzxxcj424M7zlSHlsafBwaRwFbf8gHtW03iJER4lR4GxeY0WvnYaB3KDISHQp53a9nlbmiWO5WcHHYsR83OT2eJ0Pl3RWA-_imk_SNwGQTCjmA6tf_UVwL8HzYS2iyuu85b7iYK9ZQoh8nqbNC6qibICE4h9Fe3bN7AgitIe9XzCTOXDfMr4ahjC8kkqJ1z4zNAI6-Leei_Mgd8JtZh2vqFNZhXK0lSadFl_9Oh3AET7tUds2E7s-6zpRPd9oBZu6-kNuHDRJ6TQhZSwJ9ZO5HYsccb_G_1so72aXJymR9ggJgWr4J3bawAYYnqmvmzGklYOlE_5HVnMxf-UxpT7ztdsHbc9QEH6W2bzwxbpjTczEZs3JCCB3c-NewNHsj9PYM3b5tTlTNP9kNAwPZHWpt11t79LuNkNGt9LfOek"",""signature"":""BRsvIxk3Pv7YtLXyB7smXFhKJDuWFBSHIlUWv5JQkc-kHQTYZvymeXpVim6La9lWwIS2cwmIDnnFfWc8_1o4sbjDCytc6hdNoiaS1WOyAD4e_sWLQD0yt03IzJNeGlphW3T0EJ8xKvg1cHz7l6R3cTTgIaABGu863Aohopmgkjw4BPwo3pklcVvQVhRjHo6ErBNT6E-ITSRgCREGQUYQlp32Wi9GAkH-B0OqRVRT3__CXkMzUKHJtF5xAKgCBc5jC3OLeKwJs6Ah7kd3-AcVqgncQBTrgrPujmCHUXrawxNx5upQjrSn_eAlknRxPIu-AOcXGOhRoCYtp75Zypp9eESDabECBjO_SeQvMnpmkACoRWflRtyXQHszLNkDU-tylD-6rLysSjsOWS4KPk5a4qmhTxsMXkRg9cUCQZ66ks10FGQ8VCGI7GLtodJZvWUofcOMumHQ5v22YMcEgFisrZZzT36uGUE5Cwyw6gkh3Uf8Cs6405wn6mLQuxZWzmSPMvnSmLFcpprdQhS1NiLV0CMjGZkzRjwg1ascqFatJUKDwMzGkH0O3LZTAmpIjb7z79gzCr38tUv3AH04FhbyNYjEMz5WEHG_Qf3z_MDlgkTntRucI2MudJ0HJbmn5aRYsM89FEoOYA6Hs1RLpcR2Qz0e51VRCMG16B7OSSvMwio"",""timestamp"":1714399920935,""validatorSignatures"":[],""version"":""1.0.0""}"
favicon.png,F01BXDncMbyfFlfedHjIsJDStqCOq6-XAtEXx4WbHVY,"{""id"":""F01BXDncMbyfFlfedHjIsJDStqCOq6-XAtEXx4WbHVY"",""block"":1418133,""deadlineHeight"":1418133,""public"":""sq9JbppKLlAKtQwalfX5DagnGMlTirditXk7y4jgoeA7DEM0Z6cVPE5xMQ9kz_T9VppP6BFHtHyZCZODercEVWipzkr36tfQkR5EDGUQyLivdxUzbWgVkzw7D27PJEa4cd1Uy6r18rYLqERgbRvAZph5YJZmpSJk7r3MwnQquuktjvSpfCLFwSxP1w879-ss_JalM9ICzRi38henONio8gll6GV9-omrWwRMZer_15bspCK5txCwpY137nfKwKD5YBAuzxxcj424M7zlSHlsafBwaRwFbf8gHtW03iJER4lR4GxeY0WvnYaB3KDISHQp53a9nlbmiWO5WcHHYsR83OT2eJ0Pl3RWA-_imk_SNwGQTCjmA6tf_UVwL8HzYS2iyuu85b7iYK9ZQoh8nqbNC6qibICE4h9Fe3bN7AgitIe9XzCTOXDfMr4ahjC8kkqJ1z4zNAI6-Leei_Mgd8JtZh2vqFNZhXK0lSadFl_9Oh3AET7tUds2E7s-6zpRPd9oBZu6-kNuHDRJ6TQhZSwJ9ZO5HYsccb_G_1so72aXJymR9ggJgWr4J3bawAYYnqmvmzGklYOlE_5HVnMxf-UxpT7ztdsHbc9QEH6W2bzwxbpjTczEZs3JCCB3c-NewNHsj9PYM3b5tTlTNP9kNAwPZHWpt11t79LuNkNGt9LfOek"",""signature"":""a2LzgWX5bmE602RCAGgvdaqhiF1xyNR2zTXQ6BiBOIs_4wuM5NN5GwrdLujrIug_GysgjyBSa5s84nC72riI9oe_3CJiRCAwAuTFzE86TDtjEavv8zHt3CeRAoBWkdUVy1ePDCeFTVWYY-wl7QVHXClbjxqyHOjsYZC-B6pdl9B5CMS9tcMGyRfFIejLLDDmnYtrQhB_4VkkOV8xz4bAsmU9s1KEYoyUkD_AKb_5Zifyckkxlv-9UQF7j_SLjhtdZR0Jnegl13JtVz9wdeUM5U-jb7TsLjxeWZNlhdv-xIbEJeBZasifpKshlXw7ufk7iP-UcKvyPQ-gUfZG846mZNyTd6gI3smkrTISll3cO2B6f6mkb5FPf6e4dkpeDhwhpjg6StNbG2qb7ia3_PqLY1sdwkATKh4YYtpJ93XUD2CJqT0bvDg6viXelIVizFBTwcjkFys7STkTO9k6Ztzr860DWMEoQu19FKWBtJxpA581MqqkXPuDChhC_I8_5gVa9zu9UhMRRo1LZFaDKpqj0Osn1UQEPP2ipWlv-edh3UsjmV7Vsglyu4dzItuaU9ZsdXZiKlE5Q4EOnICkQKV8U1inm8Y6XTmHFy1xEU__fMy3ivGzW9iJsardcVzFMTxotVrKhxjwhaYys1WGRCKqgCl28a1zELLHLUc4OVOOwk8"",""timestamp"":1714399922535,""validatorSignatures"":[],""version"":""1.0.0""}"
static/css/main.0f276f90.css,7XGG-vqyWtU-0qMWRL9IKOIP5Y7BT_kUV4yRUc2MdII,"{""id"":""7XGG-vqyWtU-0qMWRL9IKOIP5Y7BT_kUV4yRUc2MdII"",""block"":1418133,""deadlineHeight"":1418133,""public"":""sq9JbppKLlAKtQwalfX5DagnGMlTirditXk7y4jgoeA7DEM0Z6cVPE5xMQ9kz_T9VppP6BFHtHyZCZODercEVWipzkr36tfQkR5EDGUQyLivdxUzbWgVkzw7D27PJEa4cd1Uy6r18rYLqERgbRvAZph5YJZmpSJk7r3MwnQquuktjvSpfCLFwSxP1w879-ss_JalM9ICzRi38henONio8gll6GV9-omrWwRMZer_15bspCK5txCwpY137nfKwKD5YBAuzxxcj424M7zlSHlsafBwaRwFbf8gHtW03iJER4lR4GxeY0WvnYaB3KDISHQp53a9nlbmiWO5WcHHYsR83OT2eJ0Pl3RWA-_imk_SNwGQTCjmA6tf_UVwL8HzYS2iyuu85b7iYK9ZQoh8nqbNC6qibICE4h9Fe3bN7AgitIe9XzCTOXDfMr4ahjC8kkqJ1z4zNAI6-Leei_Mgd8JtZh2vqFNZhXK0lSadFl_9Oh3AET7tUds2E7s-6zpRPd9oBZu6-kNuHDRJ6TQhZSwJ9ZO5HYsccb_G_1so72aXJymR9ggJgWr4J3bawAYYnqmvmzGklYOlE_5HVnMxf-UxpT7ztdsHbc9QEH6W2bzwxbpjTczEZs3JCCB3c-NewNHsj9PYM3b5tTlTNP9kNAwPZHWpt11t79LuNkNGt9LfOek"",""signature"":""BSwVax71sWJWaavpNUhJ9g9gGc9kmacrE8tAHX5wBAv5XKsr3r3DubXy-t4irTUQR-pr1LT0tcwq3jb8Fph78-DaUL66KT9G7_73rPhOdjqGWKYyeb9dkKQkqrhbIaLlk33X36ruQ6Hhh03AKnbDXtVV_MGEAnj3omnGnNcR6jpA1y2FuAqmcewx0f1fTLUy-epF03GLex3-B2MqAv8VDcXXMYQ5weveyIdHnJ8a__L6lE3gQ8B8O_8NcXNfbm9VfrCBg09wixvvpccqbSB-fWvVNJXahXM8crgTuWKLApRUHg9ltutRW_wqqEW_KqEAUXqMeAEW60YMyM8NBEvJgqvT4rLZiimepekBYsxz2yyvAkj0TxLjsq-CYmAKf6E3JtIHl4oMC5Y2-low-9NdsPhPQK7kxex1_oHqvSSPhAYzm7L7GUlkgThsKneZ_8yGcHqV19HO5nRMuAqzBrSG6GC5WwIC1n4DxvwwgAjgiWVqYEJwyjq7EJqwsuu3M8sD-XmIBBD3v4hjuIldZMHXBxwOGSttbJGvNC3BWzg0CrTYjkJmynruU6ED0XIec3aSrHHWJKCFQhFgdnlyaahYaZTZuFJaNG4YelBokcaaAaHEiDI32axpy_AES_whBceW3ijjOR-sD_JDrl5m5PMwVhH4eH3b8pq3IV9ThwuDRoo"",""timestamp"":1714399922559,""validatorSignatures"":[],""version"":""1.0.0""}"
logo.png,JWfUtSFFXSqyQov0hYUg5v-w-V7u4RpRlO2dVazfzeU,"{""id"":""JWfUtSFFXSqyQov0hYUg5v-w-V7u4RpRlO2dVazfzeU"",""block"":1418133,""deadlineHeight"":1418133,""public"":""sq9JbppKLlAKtQwalfX5DagnGMlTirditXk7y4jgoeA7DEM0Z6cVPE5xMQ9kz_T9VppP6BFHtHyZCZODercEVWipzkr36tfQkR5EDGUQyLivdxUzbWgVkzw7D27PJEa4cd1Uy6r18rYLqERgbRvAZph5YJZmpSJk7r3MwnQquuktjvSpfCLFwSxP1w879-ss_JalM9ICzRi38henONio8gll6GV9-omrWwRMZer_15bspCK5txCwpY137nfKwKD5YBAuzxxcj424M7zlSHlsafBwaRwFbf8gHtW03iJER4lR4GxeY0WvnYaB3KDISHQp53a9nlbmiWO5WcHHYsR83OT2eJ0Pl3RWA-_imk_SNwGQTCjmA6tf_UVwL8HzYS2iyuu85b7iYK9ZQoh8nqbNC6qibICE4h9Fe3bN7AgitIe9XzCTOXDfMr4ahjC8kkqJ1z4zNAI6-Leei_Mgd8JtZh2vqFNZhXK0lSadFl_9Oh3AET7tUds2E7s-6zpRPd9oBZu6-kNuHDRJ6TQhZSwJ9ZO5HYsccb_G_1so72aXJymR9ggJgWr4J3bawAYYnqmvmzGklYOlE_5HVnMxf-UxpT7ztdsHbc9QEH6W2bzwxbpjTczEZs3JCCB3c-NewNHsj9PYM3b5tTlTNP9kNAwPZHWpt11t79LuNkNGt9LfOek"",""signature"":""Czp8lodXcQo2O3OkfGsHO-5LMgxG480HtkMciangTgHhGB6JOrX2fHFWDsWUSV1mvFo5WLeSVHv9fmsa0weDXvbqMefiPto1eB4R4-KGVz2fzTkgKbW0UJv3XjM0-86rhbXu9PmPveV3SUoGcaP29TqT6dVrQjiGkJAoXEs7qMklsmziHGY1RTf9Xf--T9MBe9j9zusGI4DRC3gqcmM-Zmf-8987sjHw8DLMHxDycsmLGGcYlJjvYB1el5NQtogQzf0stf7KSs6ttYPOTZQW7dfg8UI8q-P4nuLtPpWxfTQ5uDi8zHxeGwnkgi2vfHqzjqhIm4VvV5ZWkHH5yRd7hdljVcKrMwLaBOChlJ1g90PHgmGWVWJdeu_6q_VBeJclOo1lEh-EOpgl9nrzQw1P842EYMpbWRaUUUSR4dtpLzTOv32c0FKLF97AynYKXkQQxfIkrZyORw6quCak9Ljf3GotKb6NxIoiww3mmljTERtXwmDz-n7m7PpJ4H-kWu1u1HWjK4Slrr_qbu4mG39c1tt1jI7N9QAq0tF5WirPBMEZlsK4BF3p-E_CClin4X51D011JBV05tQ6ih-xXN_sD9Bk-Rq2HZT-Xav6hiVDlVuMQ-ERVvoTlY8XwwaZtO-5k3tYCm-1a8itkT60iaVZU19nviUaZBDcnBr6naNl3aE"",""timestamp"":1714399922569,""validatorSignatures"":[],""version"":""1.0.0""}"
banner-default.png,GJFqBSZdWkoY30OWHAjhvudY2jIVL2FJMlUaBPX6fWg,"{""id"":""GJFqBSZdWkoY30OWHAjhvudY2jIVL2FJMlUaBPX6fWg"",""block"":1418133,""deadlineHeight"":1418133,""public"":""sq9JbppKLlAKtQwalfX5DagnGMlTirditXk7y4jgoeA7DEM0Z6cVPE5xMQ9kz_T9VppP6BFHtHyZCZODercEVWipzkr36tfQkR5EDGUQyLivdxUzbWgVkzw7D27PJEa4cd1Uy6r18rYLqERgbRvAZph5YJZmpSJk7r3MwnQquuktjvSpfCLFwSxP1w879-ss_JalM9ICzRi38henONio8gll6GV9-omrWwRMZer_15bspCK5txCwpY137nfKwKD5YBAuzxxcj424M7zlSHlsafBwaRwFbf8gHtW03iJER4lR4GxeY0WvnYaB3KDISHQp53a9nlbmiWO5WcHHYsR83OT2eJ0Pl3RWA-_imk_SNwGQTCjmA6tf_UVwL8HzYS2iyuu85b7iYK9ZQoh8nqbNC6qibICE4h9Fe3bN7AgitIe9XzCTOXDfMr4ahjC8kkqJ1z4zNAI6-Leei_Mgd8JtZh2vqFNZhXK0lSadFl_9Oh3AET7tUds2E7s-6zpRPd9oBZu6-kNuHDRJ6TQhZSwJ9ZO5HYsccb_G_1so72aXJymR9ggJgWr4J3bawAYYnqmvmzGklYOlE_5HVnMxf-UxpT7ztdsHbc9QEH6W2bzwxbpjTczEZs3JCCB3c-NewNHsj9PYM3b5tTlTNP9kNAwPZHWpt11t79LuNkNGt9LfOek"",""signature"":""BzJiN9TZcri11QVcjhovCs9szjW4xIAAY3v2VZ8DaS5DbG3KCvjyH7ncyJqh4PAtmEF6PCL5vyXk8wNpuzXhKeTBxyJuzinoXzihePM1us09L1O6i9kmohYsSJNswOEdd6cjENNC8XZ8mQ7Ugk1A0rKkr3HKY1lplpnKBMsi3EdA2X7hRe7kjo666fJ_8hba9Fu82a5d9KSYNu8veZcqv13N9cALiIdzL1-BEC34A0L3pYjS7axND3i6zZZzV94hCDCR0HmToX0OK5NJYWLB3JN6lucbTI68uc0GNpQZQczl87A0nIxDvw2b0mxAcs-bgVgu5W2vP2oAqu-bfmrMXkWpBRn124GbxwIY0mHTYFPABOTnV9XiLf3x5rQLqE5XAnsaPz7IZRq_bdQ0k9C-BhJDeXvalYRWnGSqB5dRrNZ1PpHvfD2IBPQwi6J7DHobyt7N8mi_SBIPPctYzVpRxS2vjchmoH0IUMbzuspTgNzmeI_KekXzRh5OGl2hdIpcdul6W99y5tDUTneKeBmgipvy-GZZPTAXZLHFj32jD7CSqmrODkS62sbM4g3oPZOiHU9gjjDnpVEbR42m29jg5WPJ9qY6Z-08xkmtHFdDkbu20wBl1yfSezXyYyGqcuqm7tbb2ZRGrf2ix2DBp3GooFOm8Zhr8YCxgiV7N8Y2V5o"",""timestamp"":1714399922670,""validatorSignatures"":[],""version"":""1.0.0""}"
static/css/main.0f276f90.css.map,JOsNxJeoRfVrq4dAHoxjwgAuRPenjdudZWpe-b6i6Do,"{""id"":""JOsNxJeoRfVrq4dAHoxjwgAuRPenjdudZWpe-b6i6Do"",""block"":1418133,""deadlineHeight"":1418133,""public"":""sq9JbppKLlAKtQwalfX5DagnGMlTirditXk7y4jgoeA7DEM0Z6cVPE5xMQ9kz_T9VppP6BFHtHyZCZODercEVWipzkr36tfQkR5EDGUQyLivdxUzbWgVkzw7D27PJEa4cd1Uy6r18rYLqERgbRvAZph5YJZmpSJk7r3MwnQquuktjvSpfCLFwSxP1w879-ss_JalM9ICzRi38henONio8gll6GV9-omrWwRMZer_15bspCK5txCwpY137nfKwKD5YBAuzxxcj424M7zlSHlsafBwaRwFbf8gHtW03iJER4lR4GxeY0WvnYaB3KDISHQp53a9nlbmiWO5WcHHYsR83OT2eJ0Pl3RWA-_imk_SNwGQTCjmA6tf_UVwL8HzYS2iyuu85b7iYK9ZQoh8nqbNC6qibICE4h9Fe3bN7AgitIe9XzCTOXDfMr4ahjC8kkqJ1z4zNAI6-Leei_Mgd8JtZh2vqFNZhXK0lSadFl_9Oh3AET7tUds2E7s-6zpRPd9oBZu6-kNuHDRJ6TQhZSwJ9ZO5HYsccb_G_1so72aXJymR9ggJgWr4J3bawAYYnqmvmzGklYOlE_5HVnMxf-UxpT7ztdsHbc9QEH6W2bzwxbpjTczEZs3JCCB3c-NewNHsj9PYM3b5tTlTNP9kNAwPZHWpt11t79LuNkNGt9LfOek"",""signature"":""r82hZSj_XOHMZZIKFAZtXdUt81t10RRIB7IV1lWFzJiyHRgArDBwPIbxqHnRNWbkWKhw3YIc5jEotRUsrHM5nawak_xZzS8Pu9qz8F_zycZF02QO8gLAFWKApDuBx9VpNmCg8fMliMceU5Bvn0Q_FcskVncxvA5allk11_p9BdJvm1Q6G4WQLnWyRMrJdXWvP5hPmgwIRT1236svTtBBqMCVKfo9IUJZ5l3-HFCVV78u1iUzn37p7EycTuU1ylack-U_WgzpgS_pFA8P0BxiSyMXqhckj6BBfkDImZOmI5BUiJVAnCiulCoaYmDPtj5DJMmLdreegjcIg1CPq2jCzB5kU6Uz8KB8v9-RZnZFjTLcEAxD7WsGKTWNXXpvqdrZm1XgVFJ6K7tRTN87-cEA15JuONeSyuAbZp1RtvjQ1oSM33glAp0dUOpzZwt-JKzhCp5ve3_jMOMtPjYBrj7iYhsMl3BLHwNWGMr8rNXzkT3DJGOg6_bWowsIlz5odOZ3SdT6HgG34rJxFV5Ln5WsNKtagKhxrV0PuzuJYtZqoxXi6xCDSNM9F0xsSTgU9Rf-ODy9-brBV_JM_cVr2aYLxn0_eZfqnv2F2F-FObENP25nyCsrp2rxzXhhREDL67loPx3ut5dzExxll3d9Df2E3PGIqrL_8QOt2SxyplK8w0Y"",""timestamp"":1714399922717,""validatorSignatures"":[],""version"":""1.0.0""}"
static/js/main.3244fe68.js.LICENSE.txt,iKgBYUiJhTBxe-hbrajAscaHgwu3ByhgzdT0RfmDXxo,"{""id"":""iKgBYUiJhTBxe-hbrajAscaHgwu3ByhgzdT0RfmDXxo"",""block"":1418133,""deadlineHeight"":1418133,""public"":""sq9JbppKLlAKtQwalfX5DagnGMlTirditXk7y4jgoeA7DEM0Z6cVPE5xMQ9kz_T9VppP6BFHtHyZCZODercEVWipzkr36tfQkR5EDGUQyLivdxUzbWgVkzw7D27PJEa4cd1Uy6r18rYLqERgbRvAZph5YJZmpSJk7r3MwnQquuktjvSpfCLFwSxP1w879-ss_JalM9ICzRi38henONio8gll6GV9-omrWwRMZer_15bspCK5txCwpY137nfKwKD5YBAuzxxcj424M7zlSHlsafBwaRwFbf8gHtW03iJER4lR4GxeY0WvnYaB3KDISHQp53a9nlbmiWO5WcHHYsR83OT2eJ0Pl3RWA-_imk_SNwGQTCjmA6tf_UVwL8HzYS2iyuu85b7iYK9ZQoh8nqbNC6qibICE4h9Fe3bN7AgitIe9XzCTOXDfMr4ahjC8kkqJ1z4zNAI6-Leei_Mgd8JtZh2vqFNZhXK0lSadFl_9Oh3AET7tUds2E7s-6zpRPd9oBZu6-kNuHDRJ6TQhZSwJ9ZO5HYsccb_G_1so72aXJymR9ggJgWr4J3bawAYYnqmvmzGklYOlE_5HVnMxf-UxpT7ztdsHbc9QEH6W2bzwxbpjTczEZs3JCCB3c-NewNHsj9PYM3b5tTlTNP9kNAwPZHWpt11t79LuNkNGt9LfOek"",""signature"":""XjiogWUbjI7l0DQZuYgRFZT94YWFvdUOEVh4x_tRLQPxkWG9R9LEBLC2onZrW0bjtHh2hWvby_DqQE9ulCZtA2lCVEoAvVg9TuQmZyJEvJb4CVhwOJ4SG55aYjtbhAt0I8AlKGN7BDHVS1B_j6ypchK3CzBfryc1yebL4u3-iYm3LBMO-rvYPGe5oDhY9imJK9cdj2HMoNuEV_eOV8JSaLviz-2_aMV4sVvPiN1sC0KJR8Ouhbi5gBdPnrQXkeESLNr6RtHMhCq2ZDz1sxFwZZuES_CX0nYP-FfuzBFMO1Hl0rAQq1DnuGeOMnpaaVs2ZT25bbelaASTX14kMqHFBajG1oBh6KmoEAZIH6GQTcw2MINyZHVGOnkZ1YQ5Zs3QMIrr6WUdoHV6oyDYixs9a5XoURsumnlMGBDnsQwVDgof9a-ept8MsSYraMpXd4nYt9aDhtV5D5jhgQRMtmw9BiIx-kZmfGpfTSI1en5Zi2fPuNDX5gav834FRY7yVusw3KwROVNnGVCzaPNbfq2KafpoExi6yNmExosWtoomqmSCtZVyOhHh_-lhEy-bch5J9LUocgwh-slRhhzseZVK-nt7690GurnCg1KsTBKh62fMsqbhpRnJfrDRAC6jwIP8plNnolM3cBDxQDm3e73sZxATwq0OXcoIoJO6E-Vg6GM"",""timestamp"":1714399924732,""validatorSignatures"":[],""version"":""1.0.0""}"
static/js/main.3244fe68.js,H27biCtKr7WH3m3WMhVrpJJD9s01KMRZ1S0WZATISIo,"{""id"":""H27biCtKr7WH3m3WMhVrpJJD9s01KMRZ1S0WZATISIo"",""block"":1418133,""deadlineHeight"":1418133,""public"":""sq9JbppKLlAKtQwalfX5DagnGMlTirditXk7y4jgoeA7DEM0Z6cVPE5xMQ9kz_T9VppP6BFHtHyZCZODercEVWipzkr36tfQkR5EDGUQyLivdxUzbWgVkzw7D27PJEa4cd1Uy6r18rYLqERgbRvAZph5YJZmpSJk7r3MwnQquuktjvSpfCLFwSxP1w879-ss_JalM9ICzRi38henONio8gll6GV9-omrWwRMZer_15bspCK5txCwpY137nfKwKD5YBAuzxxcj424M7zlSHlsafBwaRwFbf8gHtW03iJER4lR4GxeY0WvnYaB3KDISHQp53a9nlbmiWO5WcHHYsR83OT2eJ0Pl3RWA-_imk_SNwGQTCjmA6tf_UVwL8HzYS2iyuu85b7iYK9ZQoh8nqbNC6qibICE4h9Fe3bN7AgitIe9XzCTOXDfMr4ahjC8kkqJ1z4zNAI6-Leei_Mgd8JtZh2vqFNZhXK0lSadFl_9Oh3AET7tUds2E7s-6zpRPd9oBZu6-kNuHDRJ6TQhZSwJ9ZO5HYsccb_G_1so72aXJymR9ggJgWr4J3bawAYYnqmvmzGklYOlE_5HVnMxf-UxpT7ztdsHbc9QEH6W2bzwxbpjTczEZs3JCCB3c-NewNHsj9PYM3b5tTlTNP9kNAwPZHWpt11t79LuNkNGt9LfOek"",""signature"":""B-M2flCWK5yvBlExa1E26NJY821cC6KzaYrnsP1wAF-Y77z2F4TNRi8g5ffl0qHeFySjZYb8UKQ7uYYKSSlo0nk5B6XFW9z8UC_DMrsZUxEqq-cnU5uynYxiQgozbX8znm6sAgsVK8IR6hA1vhhHZLemOVRg02Gz81nsdHC2_MR8TxO-c6uo9urN3XEFiWIwwNFZVXQSkc0GDP-xQ4k6DD1GqwNJkNdmlg8LQs0wD0exP_McThzlrzaY8mvllpLxgp329pr4OyC54DyZcLPRJipJ8deFDaDEOk1_r1dqVaIttapzfLgls-i-bcOW4_zJR3dSOAAgAaJ98JLB0XR2WHc0FzFV0zizplPF6sSvcpzup8UGljRz9ZRArJF1zadtl-G9jPBYaCDpzwYgsNBBgARB9TcxIq1Xv6-sh0lk5WwfX1KXLGpHwvdF8kaqzUM2dE6pXQzxb0YJOOgjrnTvYuXXTFdY6i9dnHljPZ-7JLFrUc28YK2ObY7uIuLGgJsDhJntdnY07Pzv4Ees2vUb5oxSMxxP9aDHb0JF7fTsOshl7Kk9EQjFLvjS5A4ao6IR5XdQq7D45eMdsGHGZntqF8YtyRLcrmdJdptOw0igheYjpvGrJfUW_p9yzrUSgM00JPYYL9L1vPD4iz51MXoe-6DIk-cRg6vP7FnXOEARh10"",""timestamp"":1714399925193,""validatorSignatures"":[],""version"":""1.0.0""}"
static/js/main.3244fe68.js.map,Uk1y7sGXlswK_p-X-S9mBvJBhnlzYXH4V2XwnNBNujY,"{""id"":""Uk1y7sGXlswK_p-X-S9mBvJBhnlzYXH4V2XwnNBNujY"",""block"":1418133,""deadlineHeight"":1418133,""public"":""sq9JbppKLlAKtQwalfX5DagnGMlTirditXk7y4jgoeA7DEM0Z6cVPE5xMQ9kz_T9VppP6BFHtHyZCZODercEVWipzkr36tfQkR5EDGUQyLivdxUzbWgVkzw7D27PJEa4cd1Uy6r18rYLqERgbRvAZph5YJZmpSJk7r3MwnQquuktjvSpfCLFwSxP1w879-ss_JalM9ICzRi38henONio8gll6GV9-omrWwRMZer_15bspCK5txCwpY137nfKwKD5YBAuzxxcj424M7zlSHlsafBwaRwFbf8gHtW03iJER4lR4GxeY0WvnYaB3KDISHQp53a9nlbmiWO5WcHHYsR83OT2eJ0Pl3RWA-_imk_SNwGQTCjmA6tf_UVwL8HzYS2iyuu85b7iYK9ZQoh8nqbNC6qibICE4h9Fe3bN7AgitIe9XzCTOXDfMr4ahjC8kkqJ1z4zNAI6-Leei_Mgd8JtZh2vqFNZhXK0lSadFl_9Oh3AET7tUds2E7s-6zpRPd9oBZu6-kNuHDRJ6TQhZSwJ9ZO5HYsccb_G_1so72aXJymR9ggJgWr4J3bawAYYnqmvmzGklYOlE_5HVnMxf-UxpT7ztdsHbc9QEH6W2bzwxbpjTczEZs3JCCB3c-NewNHsj9PYM3b5tTlTNP9kNAwPZHWpt11t79LuNkNGt9LfOek"",""signature"":""UwETOrkITf_gTOzBO0NipTnwCe-NPHuYeRD6ba1c_ywM-aiHt4986NzE7sopzr5a9LZhXpr8E3uhK0ab26AniPRkqxeeeKgNnZwK0n-GXxmtyUGMOkc-Bh2Br_vMAcUOIzvs0qQZ8T9KQu9K6Gd0FPNOntHanotp2a8J746CtjaeRQhkZ90eIXjq-q1ciEzob5fpyjGoPdVPNIpWiupqOUSfPto4kO8LZzF3s6LoOHdvSkmK7KBi1rFmKSl7iDLRQJJaAXpNxSsbCxg05GT_zeqvBYkYuhgeOL89Qvf_Q1OLmrihi6aTunUlBjYoCScQCpm0s8rwcmFZgEIBsWaMA4zMtwjl-X7r1CKIe2gXFQ8aZ_jhzwiASmOOe9YfMbiAXewmf5QfQH0yC4eTqAdfeyNjDk0TFDB56V4SJl-wu02QfxY3PrXAjQnQ01aVLM-zR7h3aZA7bokwad2C-HcjxcxDLRYSyU0DLVH1ecQnTYcdtHRyjq1ccHC-79cchnFWuLKiOgT-xMgGGRtff_h3salDPkcK452UrydrYkKG5ILNtiwvcnst8pFxn5bIj6ejGutOIwx_QiLsA279-GJ2EDAP99ikHyfPZ3-e-un1JkNJ6zk3JbwTb4GEOpG2Rnr3eDsQVQEFqTPcEJTYUIwD4_SKimWhrAPKkGcomj5BXoo"",""timestamp"":1714399927952,""validatorSignatures"":[],""version"":""1.0.0""}"
